section id,recording id,blink id,start timestamp [ns],end timestamp [ns],duration [ms]
2688ca82-1730-432c-bf1e-fd9e31f0573c,a56f5042-6a36-47ee-b8c6-ca0e9dab86f4,1,1695414428561199477,1695414428761285477,200
2688ca82-1730-432c-bf1e-fd9e31f0573c,a56f5042-6a36-47ee-b8c6-ca0e9dab86f4,2,1695414428765249477,1695414429405434477,640
2688ca82-1730-432c-bf1e-fd9e31f0573c,a56f5042-6a36-47ee-b8c6-ca0e9dab86f4,3,1695414430237198477,1695414430505270477,268
2688ca82-1730-432c-bf1e-fd9e31f0573c,a56f5042-6a36-47ee-b8c6-ca0e9dab86f4,4,1695414432541179477,1695414432833249477,292
2688ca82-1730-432c-bf1e-fd9e31f0573c,a56f5042-6a36-47ee-b8c6-ca0e9dab86f4,5,1695414440225480477,1695414440645312477,420
2688ca82-1730-432c-bf1e-fd9e31f0573c,a56f5042-6a36-47ee-b8c6-ca0e9dab86f4,6,1695414442113219477,1695414442457286477,344
2688ca82-1730-432c-bf1e-fd9e31f0573c,a56f5042-6a36-47ee-b8c6-ca0e9dab86f4,7,1695414443529299477,1695414444069310477,540
2688ca82-1730-432c-bf1e-fd9e31f0573c,a56f5042-6a36-47ee-b8c6-ca0e9dab86f4,8,1695414444713258477,1695414444973253477,260
2688ca82-1730-432c-bf1e-fd9e31f0573c,a56f5042-6a36-47ee-b8c6-ca0e9dab86f4,9,1695414445009209477,1695414445389185477,380
2688ca82-1730-432c-bf1e-fd9e31f0573c,a56f5042-6a36-47ee-b8c6-ca0e9dab86f4,10,1695414446893256477,1695414447213185477,320
2688ca82-1730-432c-bf1e-fd9e31f0573c,a56f5042-6a36-47ee-b8c6-ca0e9dab86f4,11,1695414449833272477,1695414450273198477,440
2688ca82-1730-432c-bf1e-fd9e31f0573c,a56f5042-6a36-47ee-b8c6-ca0e9dab86f4,12,1695414450425174477,1695414450585404477,160
2688ca82-1730-432c-bf1e-fd9e31f0573c,a56f5042-6a36-47ee-b8c6-ca0e9dab86f4,13,1695414456949236477,1695414457245182477,296
2688ca82-1730-432c-bf1e-fd9e31f0573c,a56f5042-6a36-47ee-b8c6-ca0e9dab86f4,14,1695414472410228477,1695414472617193477,207
2688ca82-1730-432c-bf1e-fd9e31f0573c,a56f5042-6a36-47ee-b8c6-ca0e9dab86f4,15,1695414474601240477,1695414474978643477,377
2688ca82-1730-432c-bf1e-fd9e31f0573c,a56f5042-6a36-47ee-b8c6-ca0e9dab86f4,16,1695414481429784477,1695414481725399477,296
2688ca82-1730-432c-bf1e-fd9e31f0573c,a56f5042-6a36-47ee-b8c6-ca0e9dab86f4,17,1695414481949177477,1695414482269214477,320
2688ca82-1730-432c-bf1e-fd9e31f0573c,a56f5042-6a36-47ee-b8c6-ca0e9dab86f4,18,1695414482897212477,1695414483113293477,216
2688ca82-1730-432c-bf1e-fd9e31f0573c,a56f5042-6a36-47ee-b8c6-ca0e9dab86f4,19,1695414483693253477,1695414484033207477,340
2688ca82-1730-432c-bf1e-fd9e31f0573c,a56f5042-6a36-47ee-b8c6-ca0e9dab86f4,20,1695414484749189477,1695414485062136477,313
2688ca82-1730-432c-bf1e-fd9e31f0573c,a56f5042-6a36-47ee-b8c6-ca0e9dab86f4,21,1695414488925259477,1695414489225195477,300
2688ca82-1730-432c-bf1e-fd9e31f0573c,a56f5042-6a36-47ee-b8c6-ca0e9dab86f4,22,1695414494573261477,1695414494809190477,236
2688ca82-1730-432c-bf1e-fd9e31f0573c,a56f5042-6a36-47ee-b8c6-ca0e9dab86f4,23,1695414496469181477,1695414496745275477,276
2688ca82-1730-432c-bf1e-fd9e31f0573c,a56f5042-6a36-47ee-b8c6-ca0e9dab86f4,24,1695414502193224477,1695414502509153477,316
2688ca82-1730-432c-bf1e-fd9e31f0573c,a56f5042-6a36-47ee-b8c6-ca0e9dab86f4,25,1695414502981419477,1695414503493225477,512
2688ca82-1730-432c-bf1e-fd9e31f0573c,a56f5042-6a36-47ee-b8c6-ca0e9dab86f4,26,1695414504301167477,1695414504513194477,212
2688ca82-1730-432c-bf1e-fd9e31f0573c,a56f5042-6a36-47ee-b8c6-ca0e9dab86f4,27,1695414510712210477,1695414511032272477,320
2688ca82-1730-432c-bf1e-fd9e31f0573c,a56f5042-6a36-47ee-b8c6-ca0e9dab86f4,28,1695414512356205477,1695414512780086477,424
2688ca82-1730-432c-bf1e-fd9e31f0573c,a56f5042-6a36-47ee-b8c6-ca0e9dab86f4,29,1695414529148061477,1695414529352211477,204
2688ca82-1730-432c-bf1e-fd9e31f0573c,a56f5042-6a36-47ee-b8c6-ca0e9dab86f4,30,1695414530340319477,1695414530628108477,288
2688ca82-1730-432c-bf1e-fd9e31f0573c,a56f5042-6a36-47ee-b8c6-ca0e9dab86f4,31,1695414532908110477,1695414533294981477,387
2688ca82-1730-432c-bf1e-fd9e31f0573c,a56f5042-6a36-47ee-b8c6-ca0e9dab86f4,32,1695414534920066477,1695414535424106477,504
2688ca82-1730-432c-bf1e-fd9e31f0573c,a56f5042-6a36-47ee-b8c6-ca0e9dab86f4,33,1695414535560081477,1695414535864071477,304
2688ca82-1730-432c-bf1e-fd9e31f0573c,a56f5042-6a36-47ee-b8c6-ca0e9dab86f4,34,1695414537172166477,1695414537348093477,176
2688ca82-1730-432c-bf1e-fd9e31f0573c,a56f5042-6a36-47ee-b8c6-ca0e9dab86f4,35,1695414541420046477,1695414541664385477,244
2688ca82-1730-432c-bf1e-fd9e31f0573c,a56f5042-6a36-47ee-b8c6-ca0e9dab86f4,36,1695414542616128477,1695414542856029477,240
2688ca82-1730-432c-bf1e-fd9e31f0573c,a56f5042-6a36-47ee-b8c6-ca0e9dab86f4,37,1695414542860050477,1695414543400129477,540
2688ca82-1730-432c-bf1e-fd9e31f0573c,a56f5042-6a36-47ee-b8c6-ca0e9dab86f4,38,1695414543876216477,1695414544148141477,272
2688ca82-1730-432c-bf1e-fd9e31f0573c,a56f5042-6a36-47ee-b8c6-ca0e9dab86f4,39,1695414545112171477,1695414545448106477,336
2688ca82-1730-432c-bf1e-fd9e31f0573c,a56f5042-6a36-47ee-b8c6-ca0e9dab86f4,40,1695414546348129477,1695414546756234477,408
2688ca82-1730-432c-bf1e-fd9e31f0573c,a56f5042-6a36-47ee-b8c6-ca0e9dab86f4,41,1695414548212092477,1695414548588116477,376
2688ca82-1730-432c-bf1e-fd9e31f0573c,a56f5042-6a36-47ee-b8c6-ca0e9dab86f4,42,1695414549224458477,1695414549760110477,536
2688ca82-1730-432c-bf1e-fd9e31f0573c,a56f5042-6a36-47ee-b8c6-ca0e9dab86f4,43,1695414550939096477,1695414551212126477,273
2688ca82-1730-432c-bf1e-fd9e31f0573c,a56f5042-6a36-47ee-b8c6-ca0e9dab86f4,44,1695414552808091477,1695414553140063477,332
2688ca82-1730-432c-bf1e-fd9e31f0573c,a56f5042-6a36-47ee-b8c6-ca0e9dab86f4,45,1695414557968424477,1695414558284113477,316
2688ca82-1730-432c-bf1e-fd9e31f0573c,a56f5042-6a36-47ee-b8c6-ca0e9dab86f4,46,1695414559396428477,1695414559708626477,312
2688ca82-1730-432c-bf1e-fd9e31f0573c,a56f5042-6a36-47ee-b8c6-ca0e9dab86f4,47,1695414560096499477,1695414560408345477,312
2688ca82-1730-432c-bf1e-fd9e31f0573c,a56f5042-6a36-47ee-b8c6-ca0e9dab86f4,48,1695414561000202477,1695414561404075477,404
2688ca82-1730-432c-bf1e-fd9e31f0573c,a56f5042-6a36-47ee-b8c6-ca0e9dab86f4,49,1695414562324147477,1695414562624576477,300
2688ca82-1730-432c-bf1e-fd9e31f0573c,a56f5042-6a36-47ee-b8c6-ca0e9dab86f4,50,1695414563412092477,1695414563756076477,344
2688ca82-1730-432c-bf1e-fd9e31f0573c,a56f5042-6a36-47ee-b8c6-ca0e9dab86f4,51,1695414573580110477,1695414573980066477,400
2688ca82-1730-432c-bf1e-fd9e31f0573c,a56f5042-6a36-47ee-b8c6-ca0e9dab86f4,52,1695414576828225477,1695414577128181477,300
2688ca82-1730-432c-bf1e-fd9e31f0573c,a56f5042-6a36-47ee-b8c6-ca0e9dab86f4,53,1695414577476080477,1695414577776063477,300
2688ca82-1730-432c-bf1e-fd9e31f0573c,a56f5042-6a36-47ee-b8c6-ca0e9dab86f4,54,1695414579188142477,1695414579548078477,360
2688ca82-1730-432c-bf1e-fd9e31f0573c,a56f5042-6a36-47ee-b8c6-ca0e9dab86f4,55,1695414580788106477,1695414581136078477,348
2688ca82-1730-432c-bf1e-fd9e31f0573c,a56f5042-6a36-47ee-b8c6-ca0e9dab86f4,56,1695414582152126477,1695414582512208477,360
2688ca82-1730-432c-bf1e-fd9e31f0573c,a56f5042-6a36-47ee-b8c6-ca0e9dab86f4,57,1695414584108064477,1695414584464061477,356
2688ca82-1730-432c-bf1e-fd9e31f0573c,a56f5042-6a36-47ee-b8c6-ca0e9dab86f4,58,1695414585016164477,1695414585332139477,316
2688ca82-1730-432c-bf1e-fd9e31f0573c,a56f5042-6a36-47ee-b8c6-ca0e9dab86f4,59,1695414587088183477,1695414587420135477,332
2688ca82-1730-432c-bf1e-fd9e31f0573c,a56f5042-6a36-47ee-b8c6-ca0e9dab86f4,60,1695414587668134477,1695414587976109477,308
2688ca82-1730-432c-bf1e-fd9e31f0573c,a56f5042-6a36-47ee-b8c6-ca0e9dab86f4,61,1695414588724048477,1695414589076078477,352
2688ca82-1730-432c-bf1e-fd9e31f0573c,a56f5042-6a36-47ee-b8c6-ca0e9dab86f4,62,1695414590208149477,1695414590648219477,440
2688ca82-1730-432c-bf1e-fd9e31f0573c,a56f5042-6a36-47ee-b8c6-ca0e9dab86f4,63,1695414592604150477,1695414593052188477,448
2688ca82-1730-432c-bf1e-fd9e31f0573c,a56f5042-6a36-47ee-b8c6-ca0e9dab86f4,64,1695414593648021477,1695414594064066477,416
2688ca82-1730-432c-bf1e-fd9e31f0573c,a56f5042-6a36-47ee-b8c6-ca0e9dab86f4,65,1695414599844152477,1695414600384340477,540
2688ca82-1730-432c-bf1e-fd9e31f0573c,a56f5042-6a36-47ee-b8c6-ca0e9dab86f4,66,1695414604432128477,1695414604680199477,248
2688ca82-1730-432c-bf1e-fd9e31f0573c,a56f5042-6a36-47ee-b8c6-ca0e9dab86f4,67,1695414609308073477,1695414609616056477,308
2688ca82-1730-432c-bf1e-fd9e31f0573c,a56f5042-6a36-47ee-b8c6-ca0e9dab86f4,68,1695414612916139477,1695414613404965477,489
2688ca82-1730-432c-bf1e-fd9e31f0573c,a56f5042-6a36-47ee-b8c6-ca0e9dab86f4,69,1695414617708213477,1695414618000043477,292
2688ca82-1730-432c-bf1e-fd9e31f0573c,a56f5042-6a36-47ee-b8c6-ca0e9dab86f4,70,1695414619324097477,1695414619532299477,208
2688ca82-1730-432c-bf1e-fd9e31f0573c,a56f5042-6a36-47ee-b8c6-ca0e9dab86f4,71,1695414623324063477,1695414623676136477,352
2688ca82-1730-432c-bf1e-fd9e31f0573c,a56f5042-6a36-47ee-b8c6-ca0e9dab86f4,72,1695414627740196477,1695414628052105477,312
2688ca82-1730-432c-bf1e-fd9e31f0573c,a56f5042-6a36-47ee-b8c6-ca0e9dab86f4,73,1695414634208641477,1695414634592078477,383
2688ca82-1730-432c-bf1e-fd9e31f0573c,a56f5042-6a36-47ee-b8c6-ca0e9dab86f4,74,1695414635736165477,1695414636068268477,332
2688ca82-1730-432c-bf1e-fd9e31f0573c,a56f5042-6a36-47ee-b8c6-ca0e9dab86f4,75,1695414636516114477,1695414636848125477,332
2688ca82-1730-432c-bf1e-fd9e31f0573c,a56f5042-6a36-47ee-b8c6-ca0e9dab86f4,76,1695414637220074477,1695414637524114477,304
2688ca82-1730-432c-bf1e-fd9e31f0573c,a56f5042-6a36-47ee-b8c6-ca0e9dab86f4,77,1695414646084464477,1695414646520113477,436
2688ca82-1730-432c-bf1e-fd9e31f0573c,a56f5042-6a36-47ee-b8c6-ca0e9dab86f4,78,1695414651836070477,1695414652540077477,704
2688ca82-1730-432c-bf1e-fd9e31f0573c,a56f5042-6a36-47ee-b8c6-ca0e9dab86f4,79,1695414655912145477,1695414656300278477,388
2688ca82-1730-432c-bf1e-fd9e31f0573c,a56f5042-6a36-47ee-b8c6-ca0e9dab86f4,80,1695414671016264477,1695414671260081477,244
2688ca82-1730-432c-bf1e-fd9e31f0573c,a56f5042-6a36-47ee-b8c6-ca0e9dab86f4,81,1695414672860106477,1695414673252159477,392
2688ca82-1730-432c-bf1e-fd9e31f0573c,a56f5042-6a36-47ee-b8c6-ca0e9dab86f4,82,1695414676156054477,1695414676368342477,212
2688ca82-1730-432c-bf1e-fd9e31f0573c,a56f5042-6a36-47ee-b8c6-ca0e9dab86f4,83,1695414677320073477,1695414677580208477,260
2688ca82-1730-432c-bf1e-fd9e31f0573c,a56f5042-6a36-47ee-b8c6-ca0e9dab86f4,84,1695414678960104477,1695414679360441477,400
2688ca82-1730-432c-bf1e-fd9e31f0573c,a56f5042-6a36-47ee-b8c6-ca0e9dab86f4,85,1695414687092196477,1695414687620167477,528
2688ca82-1730-432c-bf1e-fd9e31f0573c,a56f5042-6a36-47ee-b8c6-ca0e9dab86f4,86,1695414695076046477,1695414695540073477,464
2688ca82-1730-432c-bf1e-fd9e31f0573c,a56f5042-6a36-47ee-b8c6-ca0e9dab86f4,87,1695414698353174477,1695414698692101477,339
2688ca82-1730-432c-bf1e-fd9e31f0573c,a56f5042-6a36-47ee-b8c6-ca0e9dab86f4,88,1695414701016025477,1695414701512225477,496
2688ca82-1730-432c-bf1e-fd9e31f0573c,a56f5042-6a36-47ee-b8c6-ca0e9dab86f4,89,1695414702988142477,1695414703360101477,372
2688ca82-1730-432c-bf1e-fd9e31f0573c,a56f5042-6a36-47ee-b8c6-ca0e9dab86f4,90,1695414704928104477,1695414705404463477,476
2688ca82-1730-432c-bf1e-fd9e31f0573c,a56f5042-6a36-47ee-b8c6-ca0e9dab86f4,91,1695414705984068477,1695414706628194477,644
2688ca82-1730-432c-bf1e-fd9e31f0573c,a56f5042-6a36-47ee-b8c6-ca0e9dab86f4,92,1695414707472324477,1695414707840044477,368
2688ca82-1730-432c-bf1e-fd9e31f0573c,a56f5042-6a36-47ee-b8c6-ca0e9dab86f4,93,1695414713192081477,1695414713512235477,320
2688ca82-1730-432c-bf1e-fd9e31f0573c,a56f5042-6a36-47ee-b8c6-ca0e9dab86f4,94,1695414717168231477,1695414717608037477,440
2688ca82-1730-432c-bf1e-fd9e31f0573c,a56f5042-6a36-47ee-b8c6-ca0e9dab86f4,95,1695414720844058477,1695414721232137477,388
2688ca82-1730-432c-bf1e-fd9e31f0573c,a56f5042-6a36-47ee-b8c6-ca0e9dab86f4,96,1695414725704086477,1695414726120371477,416
2688ca82-1730-432c-bf1e-fd9e31f0573c,a56f5042-6a36-47ee-b8c6-ca0e9dab86f4,97,1695414726156087477,1695414726576101477,420
2688ca82-1730-432c-bf1e-fd9e31f0573c,a56f5042-6a36-47ee-b8c6-ca0e9dab86f4,98,1695414727740123477,1695414728268095477,528
2688ca82-1730-432c-bf1e-fd9e31f0573c,a56f5042-6a36-47ee-b8c6-ca0e9dab86f4,99,1695414731632112477,1695414732028073477,396
2688ca82-1730-432c-bf1e-fd9e31f0573c,a56f5042-6a36-47ee-b8c6-ca0e9dab86f4,100,1695414734616072477,1695414735040187477,424
2688ca82-1730-432c-bf1e-fd9e31f0573c,a56f5042-6a36-47ee-b8c6-ca0e9dab86f4,101,1695414735460081477,1695414735864118477,404
2688ca82-1730-432c-bf1e-fd9e31f0573c,a56f5042-6a36-47ee-b8c6-ca0e9dab86f4,102,1695414736032231477,1695414736264129477,232
2688ca82-1730-432c-bf1e-fd9e31f0573c,a56f5042-6a36-47ee-b8c6-ca0e9dab86f4,103,1695414738600197477,1695414739056303477,456
2688ca82-1730-432c-bf1e-fd9e31f0573c,a56f5042-6a36-47ee-b8c6-ca0e9dab86f4,104,1695414739984050477,1695414740340217477,356
2688ca82-1730-432c-bf1e-fd9e31f0573c,a56f5042-6a36-47ee-b8c6-ca0e9dab86f4,105,1695414743116238477,1695414743352208477,236
2688ca82-1730-432c-bf1e-fd9e31f0573c,a56f5042-6a36-47ee-b8c6-ca0e9dab86f4,106,1695414748484186477,1695414748644148477,160
2688ca82-1730-432c-bf1e-fd9e31f0573c,a56f5042-6a36-47ee-b8c6-ca0e9dab86f4,107,1695414749916175477,1695414750180063477,264
2688ca82-1730-432c-bf1e-fd9e31f0573c,a56f5042-6a36-47ee-b8c6-ca0e9dab86f4,108,1695414751128224477,1695414751448224477,320
2688ca82-1730-432c-bf1e-fd9e31f0573c,a56f5042-6a36-47ee-b8c6-ca0e9dab86f4,109,1695414756408119477,1695414756836068477,428
2688ca82-1730-432c-bf1e-fd9e31f0573c,a56f5042-6a36-47ee-b8c6-ca0e9dab86f4,110,1695414758372074477,1695414758684025477,312
2688ca82-1730-432c-bf1e-fd9e31f0573c,a56f5042-6a36-47ee-b8c6-ca0e9dab86f4,111,1695414762228204477,1695414762556101477,328
2688ca82-1730-432c-bf1e-fd9e31f0573c,a56f5042-6a36-47ee-b8c6-ca0e9dab86f4,112,1695414765552401477,1695414765996632477,444
2688ca82-1730-432c-bf1e-fd9e31f0573c,a56f5042-6a36-47ee-b8c6-ca0e9dab86f4,113,1695414768860064477,1695414769176075477,316
2688ca82-1730-432c-bf1e-fd9e31f0573c,a56f5042-6a36-47ee-b8c6-ca0e9dab86f4,114,1695414769236168477,1695414769508113477,272
2688ca82-1730-432c-bf1e-fd9e31f0573c,a56f5042-6a36-47ee-b8c6-ca0e9dab86f4,115,1695414769872132477,1695414770128090477,256
2688ca82-1730-432c-bf1e-fd9e31f0573c,a56f5042-6a36-47ee-b8c6-ca0e9dab86f4,116,1695414771436080477,1695414771564263477,128
2688ca82-1730-432c-bf1e-fd9e31f0573c,a56f5042-6a36-47ee-b8c6-ca0e9dab86f4,117,1695414771840320477,1695414771988142477,148
2688ca82-1730-432c-bf1e-fd9e31f0573c,a56f5042-6a36-47ee-b8c6-ca0e9dab86f4,118,1695414774152085477,1695414774704102477,552
2688ca82-1730-432c-bf1e-fd9e31f0573c,a56f5042-6a36-47ee-b8c6-ca0e9dab86f4,119,1695414776820180477,1695414777276222477,456
2688ca82-1730-432c-bf1e-fd9e31f0573c,a56f5042-6a36-47ee-b8c6-ca0e9dab86f4,120,1695414779184186477,1695414779288458477,104
2688ca82-1730-432c-bf1e-fd9e31f0573c,a56f5042-6a36-47ee-b8c6-ca0e9dab86f4,121,1695414800402784477,1695414800622948477,220
2688ca82-1730-432c-bf1e-fd9e31f0573c,a56f5042-6a36-47ee-b8c6-ca0e9dab86f4,122,1695414812814759477,1695414813066791477,252
2688ca82-1730-432c-bf1e-fd9e31f0573c,a56f5042-6a36-47ee-b8c6-ca0e9dab86f4,123,1695414907973657243,1695414908397619243,424
2688ca82-1730-432c-bf1e-fd9e31f0573c,a56f5042-6a36-47ee-b8c6-ca0e9dab86f4,124,1695414910273760243,1695414910669637243,396
2688ca82-1730-432c-bf1e-fd9e31f0573c,a56f5042-6a36-47ee-b8c6-ca0e9dab86f4,125,1695414913985666243,1695414914253614243,268
2688ca82-1730-432c-bf1e-fd9e31f0573c,a56f5042-6a36-47ee-b8c6-ca0e9dab86f4,126,1695414917553664243,1695414917833630243,280
2688ca82-1730-432c-bf1e-fd9e31f0573c,a56f5042-6a36-47ee-b8c6-ca0e9dab86f4,127,1695414918317682243,1695414918625655243,308
2688ca82-1730-432c-bf1e-fd9e31f0573c,a56f5042-6a36-47ee-b8c6-ca0e9dab86f4,128,1695414919457629243,1695414919749591243,292
2688ca82-1730-432c-bf1e-fd9e31f0573c,a56f5042-6a36-47ee-b8c6-ca0e9dab86f4,129,1695414919913674243,1695414920033589243,120
2688ca82-1730-432c-bf1e-fd9e31f0573c,a56f5042-6a36-47ee-b8c6-ca0e9dab86f4,130,1695414925001620243,1695414925345700243,344
2688ca82-1730-432c-bf1e-fd9e31f0573c,a56f5042-6a36-47ee-b8c6-ca0e9dab86f4,131,1695414928589614243,1695414928821627243,232
2688ca82-1730-432c-bf1e-fd9e31f0573c,a56f5042-6a36-47ee-b8c6-ca0e9dab86f4,132,1695414932553614243,1695414932761630243,208
2688ca82-1730-432c-bf1e-fd9e31f0573c,a56f5042-6a36-47ee-b8c6-ca0e9dab86f4,133,1695414935925624243,1695414936309642243,384
2688ca82-1730-432c-bf1e-fd9e31f0573c,a56f5042-6a36-47ee-b8c6-ca0e9dab86f4,134,1695414936813620243,1695414937105692243,292
2688ca82-1730-432c-bf1e-fd9e31f0573c,a56f5042-6a36-47ee-b8c6-ca0e9dab86f4,135,1695414945565586243,1695414946061658243,496
2688ca82-1730-432c-bf1e-fd9e31f0573c,a56f5042-6a36-47ee-b8c6-ca0e9dab86f4,136,1695414948021675243,1695414948401663243,380
2688ca82-1730-432c-bf1e-fd9e31f0573c,a56f5042-6a36-47ee-b8c6-ca0e9dab86f4,137,1695414948885629243,1695414949309664243,424
2688ca82-1730-432c-bf1e-fd9e31f0573c,a56f5042-6a36-47ee-b8c6-ca0e9dab86f4,138,1695414951489646243,1695414951841767243,352
2688ca82-1730-432c-bf1e-fd9e31f0573c,a56f5042-6a36-47ee-b8c6-ca0e9dab86f4,139,1695414952125627243,1695414952725663243,600
2688ca82-1730-432c-bf1e-fd9e31f0573c,a56f5042-6a36-47ee-b8c6-ca0e9dab86f4,140,1695414953205661243,1695414953485842243,280
2688ca82-1730-432c-bf1e-fd9e31f0573c,a56f5042-6a36-47ee-b8c6-ca0e9dab86f4,141,1695414953737654243,1695414954258000243,520
2688ca82-1730-432c-bf1e-fd9e31f0573c,a56f5042-6a36-47ee-b8c6-ca0e9dab86f4,142,1695414955233637243,1695414955493716243,260
2688ca82-1730-432c-bf1e-fd9e31f0573c,a56f5042-6a36-47ee-b8c6-ca0e9dab86f4,143,1695414957773672243,1695414958141732243,368
2688ca82-1730-432c-bf1e-fd9e31f0573c,a56f5042-6a36-47ee-b8c6-ca0e9dab86f4,144,1695414958733649243,1695414959173699243,440
2688ca82-1730-432c-bf1e-fd9e31f0573c,a56f5042-6a36-47ee-b8c6-ca0e9dab86f4,145,1695414964285679243,1695414964665666243,380
2688ca82-1730-432c-bf1e-fd9e31f0573c,a56f5042-6a36-47ee-b8c6-ca0e9dab86f4,146,1695414969037645243,1695414969397676243,360
2688ca82-1730-432c-bf1e-fd9e31f0573c,a56f5042-6a36-47ee-b8c6-ca0e9dab86f4,147,1695414970053651243,1695414970449694243,396
2688ca82-1730-432c-bf1e-fd9e31f0573c,a56f5042-6a36-47ee-b8c6-ca0e9dab86f4,148,1695414977949651243,1695414978385658243,436
2688ca82-1730-432c-bf1e-fd9e31f0573c,a56f5042-6a36-47ee-b8c6-ca0e9dab86f4,149,1695414981109691243,1695414981477700243,368
2688ca82-1730-432c-bf1e-fd9e31f0573c,a56f5042-6a36-47ee-b8c6-ca0e9dab86f4,150,1695414986629639243,1695414986977686243,348
2688ca82-1730-432c-bf1e-fd9e31f0573c,a56f5042-6a36-47ee-b8c6-ca0e9dab86f4,151,1695414987237637243,1695414987469681243,232
2688ca82-1730-432c-bf1e-fd9e31f0573c,a56f5042-6a36-47ee-b8c6-ca0e9dab86f4,152,1695414990361688243,1695414990501697243,140
2688ca82-1730-432c-bf1e-fd9e31f0573c,a56f5042-6a36-47ee-b8c6-ca0e9dab86f4,153,1695414991281625243,1695414991529628243,248
2688ca82-1730-432c-bf1e-fd9e31f0573c,a56f5042-6a36-47ee-b8c6-ca0e9dab86f4,154,1695414993717693243,1695414994193725243,476
2688ca82-1730-432c-bf1e-fd9e31f0573c,a56f5042-6a36-47ee-b8c6-ca0e9dab86f4,155,1695414994737624243,1695414995065669243,328
2688ca82-1730-432c-bf1e-fd9e31f0573c,a56f5042-6a36-47ee-b8c6-ca0e9dab86f4,156,1695414997545673243,1695414997929715243,384
2688ca82-1730-432c-bf1e-fd9e31f0573c,a56f5042-6a36-47ee-b8c6-ca0e9dab86f4,157,1695414998817622243,1695414999157678243,340
2688ca82-1730-432c-bf1e-fd9e31f0573c,a56f5042-6a36-47ee-b8c6-ca0e9dab86f4,158,1695415000885625243,1695415001405630243,520
2688ca82-1730-432c-bf1e-fd9e31f0573c,a56f5042-6a36-47ee-b8c6-ca0e9dab86f4,159,1695415002125637243,1695415002577702243,452
2688ca82-1730-432c-bf1e-fd9e31f0573c,a56f5042-6a36-47ee-b8c6-ca0e9dab86f4,160,1695415005113835243,1695415005493751243,380
2688ca82-1730-432c-bf1e-fd9e31f0573c,a56f5042-6a36-47ee-b8c6-ca0e9dab86f4,161,1695415009589634243,1695415009889719243,300
2688ca82-1730-432c-bf1e-fd9e31f0573c,a56f5042-6a36-47ee-b8c6-ca0e9dab86f4,162,1695415012089704243,1695415012389666243,300
2688ca82-1730-432c-bf1e-fd9e31f0573c,a56f5042-6a36-47ee-b8c6-ca0e9dab86f4,163,1695415016045651243,1695415016369654243,324
2688ca82-1730-432c-bf1e-fd9e31f0573c,a56f5042-6a36-47ee-b8c6-ca0e9dab86f4,164,1695415018301674243,1695415018761811243,460
2688ca82-1730-432c-bf1e-fd9e31f0573c,a56f5042-6a36-47ee-b8c6-ca0e9dab86f4,165,1695415021965666243,1695415022337623243,372
2688ca82-1730-432c-bf1e-fd9e31f0573c,a56f5042-6a36-47ee-b8c6-ca0e9dab86f4,166,1695415027377713243,1695415027673612243,296
2688ca82-1730-432c-bf1e-fd9e31f0573c,a56f5042-6a36-47ee-b8c6-ca0e9dab86f4,167,1695415027929666243,1695415028157815243,228
2688ca82-1730-432c-bf1e-fd9e31f0573c,a56f5042-6a36-47ee-b8c6-ca0e9dab86f4,168,1695415031509649243,1695415031745626243,236
2688ca82-1730-432c-bf1e-fd9e31f0573c,a56f5042-6a36-47ee-b8c6-ca0e9dab86f4,169,1695415032585635243,1695415032877690243,292
2688ca82-1730-432c-bf1e-fd9e31f0573c,a56f5042-6a36-47ee-b8c6-ca0e9dab86f4,170,1695415037905632243,1695415038437678243,532
2688ca82-1730-432c-bf1e-fd9e31f0573c,a56f5042-6a36-47ee-b8c6-ca0e9dab86f4,171,1695415048005633243,1695415048297736243,292
2688ca82-1730-432c-bf1e-fd9e31f0573c,a56f5042-6a36-47ee-b8c6-ca0e9dab86f4,172,1695415049757641243,1695415049957647243,200
2688ca82-1730-432c-bf1e-fd9e31f0573c,a56f5042-6a36-47ee-b8c6-ca0e9dab86f4,173,1695415049961614243,1695415050349908243,388
2688ca82-1730-432c-bf1e-fd9e31f0573c,a56f5042-6a36-47ee-b8c6-ca0e9dab86f4,174,1695415052757657243,1695415053037705243,280
2688ca82-1730-432c-bf1e-fd9e31f0573c,a56f5042-6a36-47ee-b8c6-ca0e9dab86f4,175,1695415056157619243,1695415056457689243,300
2688ca82-1730-432c-bf1e-fd9e31f0573c,a56f5042-6a36-47ee-b8c6-ca0e9dab86f4,176,1695415059769696243,1695415060185710243,416
2688ca82-1730-432c-bf1e-fd9e31f0573c,a56f5042-6a36-47ee-b8c6-ca0e9dab86f4,177,1695415063525647243,1695415063897638243,372
2688ca82-1730-432c-bf1e-fd9e31f0573c,a56f5042-6a36-47ee-b8c6-ca0e9dab86f4,178,1695415069785799243,1695415070197727243,412
2688ca82-1730-432c-bf1e-fd9e31f0573c,a56f5042-6a36-47ee-b8c6-ca0e9dab86f4,179,1695415073321644243,1695415073705849243,384
2688ca82-1730-432c-bf1e-fd9e31f0573c,a56f5042-6a36-47ee-b8c6-ca0e9dab86f4,180,1695415076549653243,1695415076841617243,292
2688ca82-1730-432c-bf1e-fd9e31f0573c,a56f5042-6a36-47ee-b8c6-ca0e9dab86f4,181,1695415077161690243,1695415077509625243,348
2688ca82-1730-432c-bf1e-fd9e31f0573c,a56f5042-6a36-47ee-b8c6-ca0e9dab86f4,182,1695415078401627243,1695415078841637243,440
2688ca82-1730-432c-bf1e-fd9e31f0573c,a56f5042-6a36-47ee-b8c6-ca0e9dab86f4,183,1695415082925664243,1695415083329599243,404
2688ca82-1730-432c-bf1e-fd9e31f0573c,a56f5042-6a36-47ee-b8c6-ca0e9dab86f4,184,1695415087433635243,1695415087777774243,344
2688ca82-1730-432c-bf1e-fd9e31f0573c,a56f5042-6a36-47ee-b8c6-ca0e9dab86f4,185,1695415087933647243,1695415088281753243,348
2688ca82-1730-432c-bf1e-fd9e31f0573c,a56f5042-6a36-47ee-b8c6-ca0e9dab86f4,186,1695415092785646243,1695415093025701243,240
2688ca82-1730-432c-bf1e-fd9e31f0573c,a56f5042-6a36-47ee-b8c6-ca0e9dab86f4,187,1695415094037602243,1695415094241652243,204
2688ca82-1730-432c-bf1e-fd9e31f0573c,a56f5042-6a36-47ee-b8c6-ca0e9dab86f4,188,1695415098357626243,1695415098545719243,188
2688ca82-1730-432c-bf1e-fd9e31f0573c,a56f5042-6a36-47ee-b8c6-ca0e9dab86f4,189,1695415101093578243,1695415101333685243,240
2688ca82-1730-432c-bf1e-fd9e31f0573c,a56f5042-6a36-47ee-b8c6-ca0e9dab86f4,190,1695415104209706243,1695415104605621243,396
2688ca82-1730-432c-bf1e-fd9e31f0573c,a56f5042-6a36-47ee-b8c6-ca0e9dab86f4,191,1695415110197630243,1695415110537663243,340
2688ca82-1730-432c-bf1e-fd9e31f0573c,a56f5042-6a36-47ee-b8c6-ca0e9dab86f4,192,1695415118662773243,1695415118937685243,275
2688ca82-1730-432c-bf1e-fd9e31f0573c,a56f5042-6a36-47ee-b8c6-ca0e9dab86f4,193,1695415121673655243,1695415121977663243,304
2688ca82-1730-432c-bf1e-fd9e31f0573c,a56f5042-6a36-47ee-b8c6-ca0e9dab86f4,194,1695415121981643243,1695415122353689243,372
2688ca82-1730-432c-bf1e-fd9e31f0573c,a56f5042-6a36-47ee-b8c6-ca0e9dab86f4,195,1695415123893634243,1695415124289829243,396
2688ca82-1730-432c-bf1e-fd9e31f0573c,a56f5042-6a36-47ee-b8c6-ca0e9dab86f4,196,1695415129901694243,1695415130321666243,420
2688ca82-1730-432c-bf1e-fd9e31f0573c,a56f5042-6a36-47ee-b8c6-ca0e9dab86f4,197,1695415130517627243,1695415130905651243,388
2688ca82-1730-432c-bf1e-fd9e31f0573c,a56f5042-6a36-47ee-b8c6-ca0e9dab86f4,198,1695415131133694243,1695415131549696243,416
2688ca82-1730-432c-bf1e-fd9e31f0573c,a56f5042-6a36-47ee-b8c6-ca0e9dab86f4,199,1695415132565619243,1695415133017648243,452
2688ca82-1730-432c-bf1e-fd9e31f0573c,a56f5042-6a36-47ee-b8c6-ca0e9dab86f4,200,1695415136381640243,1695415136669644243,288
2688ca82-1730-432c-bf1e-fd9e31f0573c,a56f5042-6a36-47ee-b8c6-ca0e9dab86f4,201,1695415136741719243,1695415137105647243,364
2688ca82-1730-432c-bf1e-fd9e31f0573c,a56f5042-6a36-47ee-b8c6-ca0e9dab86f4,202,1695415140561625243,1695415140845664243,284
2688ca82-1730-432c-bf1e-fd9e31f0573c,a56f5042-6a36-47ee-b8c6-ca0e9dab86f4,203,1695415141381697243,1695415141773625243,392
2688ca82-1730-432c-bf1e-fd9e31f0573c,a56f5042-6a36-47ee-b8c6-ca0e9dab86f4,204,1695415145621708243,1695415146077799243,456
2688ca82-1730-432c-bf1e-fd9e31f0573c,a56f5042-6a36-47ee-b8c6-ca0e9dab86f4,205,1695415151345654243,1695415151725681243,380
2688ca82-1730-432c-bf1e-fd9e31f0573c,a56f5042-6a36-47ee-b8c6-ca0e9dab86f4,206,1695415154561986243,1695415155165632243,604
2688ca82-1730-432c-bf1e-fd9e31f0573c,a56f5042-6a36-47ee-b8c6-ca0e9dab86f4,207,1695415156353666243,1695415156645636243,292
2688ca82-1730-432c-bf1e-fd9e31f0573c,a56f5042-6a36-47ee-b8c6-ca0e9dab86f4,208,1695415158309714243,1695415158773638243,464
2688ca82-1730-432c-bf1e-fd9e31f0573c,a56f5042-6a36-47ee-b8c6-ca0e9dab86f4,209,1695415159893816243,1695415160433740243,540
2688ca82-1730-432c-bf1e-fd9e31f0573c,a56f5042-6a36-47ee-b8c6-ca0e9dab86f4,210,1695415160533658243,1695415160941878243,408
2688ca82-1730-432c-bf1e-fd9e31f0573c,a56f5042-6a36-47ee-b8c6-ca0e9dab86f4,211,1695415164473623243,1695415164837643243,364
2688ca82-1730-432c-bf1e-fd9e31f0573c,a56f5042-6a36-47ee-b8c6-ca0e9dab86f4,212,1695415167069723243,1695415167641790243,572
2688ca82-1730-432c-bf1e-fd9e31f0573c,a56f5042-6a36-47ee-b8c6-ca0e9dab86f4,213,1695415167857670243,1695415168357710243,500
2688ca82-1730-432c-bf1e-fd9e31f0573c,a56f5042-6a36-47ee-b8c6-ca0e9dab86f4,214,1695415169733628243,1695415170001821243,268
2688ca82-1730-432c-bf1e-fd9e31f0573c,a56f5042-6a36-47ee-b8c6-ca0e9dab86f4,215,1695415171077726243,1695415171497769243,420
2688ca82-1730-432c-bf1e-fd9e31f0573c,a56f5042-6a36-47ee-b8c6-ca0e9dab86f4,216,1695415175109654243,1695415175545663243,436
2688ca82-1730-432c-bf1e-fd9e31f0573c,a56f5042-6a36-47ee-b8c6-ca0e9dab86f4,217,1695415175641614243,1695415176033869243,392
2688ca82-1730-432c-bf1e-fd9e31f0573c,a56f5042-6a36-47ee-b8c6-ca0e9dab86f4,218,1695415178505685243,1695415178977646243,472
2688ca82-1730-432c-bf1e-fd9e31f0573c,a56f5042-6a36-47ee-b8c6-ca0e9dab86f4,219,1695415180009665243,1695415180393657243,384
2688ca82-1730-432c-bf1e-fd9e31f0573c,a56f5042-6a36-47ee-b8c6-ca0e9dab86f4,220,1695415180577768243,1695415181009646243,432
2688ca82-1730-432c-bf1e-fd9e31f0573c,a56f5042-6a36-47ee-b8c6-ca0e9dab86f4,221,1695415184629625243,1695415184909673243,280
2688ca82-1730-432c-bf1e-fd9e31f0573c,a56f5042-6a36-47ee-b8c6-ca0e9dab86f4,222,1695415187025636243,1695415187473652243,448
2688ca82-1730-432c-bf1e-fd9e31f0573c,a56f5042-6a36-47ee-b8c6-ca0e9dab86f4,223,1695415190785670243,1695415191165671243,380
2688ca82-1730-432c-bf1e-fd9e31f0573c,a56f5042-6a36-47ee-b8c6-ca0e9dab86f4,224,1695415197661694243,1695415197941641243,280
2688ca82-1730-432c-bf1e-fd9e31f0573c,a56f5042-6a36-47ee-b8c6-ca0e9dab86f4,225,1695415197945809243,1695415198245758243,300
2688ca82-1730-432c-bf1e-fd9e31f0573c,a56f5042-6a36-47ee-b8c6-ca0e9dab86f4,226,1695415210577905243,1695415210873620243,296
2688ca82-1730-432c-bf1e-fd9e31f0573c,a56f5042-6a36-47ee-b8c6-ca0e9dab86f4,227,1695415211337665243,1695415211645676243,308
2688ca82-1730-432c-bf1e-fd9e31f0573c,a56f5042-6a36-47ee-b8c6-ca0e9dab86f4,228,1695415212689700243,1695415213081814243,392
2688ca82-1730-432c-bf1e-fd9e31f0573c,a56f5042-6a36-47ee-b8c6-ca0e9dab86f4,229,1695415220445656243,1695415220781724243,336
2688ca82-1730-432c-bf1e-fd9e31f0573c,a56f5042-6a36-47ee-b8c6-ca0e9dab86f4,230,1695415220786045243,1695415221161667243,376
2688ca82-1730-432c-bf1e-fd9e31f0573c,a56f5042-6a36-47ee-b8c6-ca0e9dab86f4,231,1695415223914166243,1695415224149649243,235
2688ca82-1730-432c-bf1e-fd9e31f0573c,a56f5042-6a36-47ee-b8c6-ca0e9dab86f4,232,1695415224481664243,1695415224921740243,440
2688ca82-1730-432c-bf1e-fd9e31f0573c,a56f5042-6a36-47ee-b8c6-ca0e9dab86f4,233,1695415226377623243,1695415226729578243,352
2688ca82-1730-432c-bf1e-fd9e31f0573c,a56f5042-6a36-47ee-b8c6-ca0e9dab86f4,234,1695415230021690243,1695415230345624243,324
2688ca82-1730-432c-bf1e-fd9e31f0573c,a56f5042-6a36-47ee-b8c6-ca0e9dab86f4,235,1695415232142352243,1695415232497683243,355
2688ca82-1730-432c-bf1e-fd9e31f0573c,a56f5042-6a36-47ee-b8c6-ca0e9dab86f4,236,1695415235745677243,1695415236049621243,304
2688ca82-1730-432c-bf1e-fd9e31f0573c,a56f5042-6a36-47ee-b8c6-ca0e9dab86f4,237,1695415236641635243,1695415236905672243,264
2688ca82-1730-432c-bf1e-fd9e31f0573c,a56f5042-6a36-47ee-b8c6-ca0e9dab86f4,238,1695415238953875243,1695415239185659243,232
2688ca82-1730-432c-bf1e-fd9e31f0573c,a56f5042-6a36-47ee-b8c6-ca0e9dab86f4,239,1695415243341662243,1695415243781651243,440
2688ca82-1730-432c-bf1e-fd9e31f0573c,a56f5042-6a36-47ee-b8c6-ca0e9dab86f4,240,1695415244113669243,1695415244397669243,284
2688ca82-1730-432c-bf1e-fd9e31f0573c,a56f5042-6a36-47ee-b8c6-ca0e9dab86f4,241,1695415244993669243,1695415245313649243,320
2688ca82-1730-432c-bf1e-fd9e31f0573c,a56f5042-6a36-47ee-b8c6-ca0e9dab86f4,242,1695415245401740243,1695415245789666243,388
2688ca82-1730-432c-bf1e-fd9e31f0573c,a56f5042-6a36-47ee-b8c6-ca0e9dab86f4,243,1695415245817710243,1695415246073720243,256
2688ca82-1730-432c-bf1e-fd9e31f0573c,a56f5042-6a36-47ee-b8c6-ca0e9dab86f4,244,1695415247861648243,1695415247973627243,112
2688ca82-1730-432c-bf1e-fd9e31f0573c,a56f5042-6a36-47ee-b8c6-ca0e9dab86f4,245,1695415248053617243,1695415248257701243,204
2688ca82-1730-432c-bf1e-fd9e31f0573c,a56f5042-6a36-47ee-b8c6-ca0e9dab86f4,246,1695415250573660243,1695415250921700243,348
2688ca82-1730-432c-bf1e-fd9e31f0573c,a56f5042-6a36-47ee-b8c6-ca0e9dab86f4,247,1695415255921710243,1695415256309721243,388
2688ca82-1730-432c-bf1e-fd9e31f0573c,a56f5042-6a36-47ee-b8c6-ca0e9dab86f4,248,1695415258041656243,1695415258413739243,372
2688ca82-1730-432c-bf1e-fd9e31f0573c,a56f5042-6a36-47ee-b8c6-ca0e9dab86f4,249,1695415259613630243,1695415259953666243,340
2688ca82-1730-432c-bf1e-fd9e31f0573c,a56f5042-6a36-47ee-b8c6-ca0e9dab86f4,250,1695415261029681243,1695415261365687243,336
2688ca82-1730-432c-bf1e-fd9e31f0573c,a56f5042-6a36-47ee-b8c6-ca0e9dab86f4,251,1695415263577664243,1695415263845801243,268
2688ca82-1730-432c-bf1e-fd9e31f0573c,a56f5042-6a36-47ee-b8c6-ca0e9dab86f4,252,1695415265293675243,1695415265541656243,248
2688ca82-1730-432c-bf1e-fd9e31f0573c,a56f5042-6a36-47ee-b8c6-ca0e9dab86f4,253,1695415265641812243,1695415266061752243,420
2688ca82-1730-432c-bf1e-fd9e31f0573c,a56f5042-6a36-47ee-b8c6-ca0e9dab86f4,254,1695415266465718243,1695415266745730243,280
2688ca82-1730-432c-bf1e-fd9e31f0573c,a56f5042-6a36-47ee-b8c6-ca0e9dab86f4,255,1695415266749747243,1695415267025730243,276
2688ca82-1730-432c-bf1e-fd9e31f0573c,a56f5042-6a36-47ee-b8c6-ca0e9dab86f4,256,1695415269241815243,1695415269585679243,344
2688ca82-1730-432c-bf1e-fd9e31f0573c,a56f5042-6a36-47ee-b8c6-ca0e9dab86f4,257,1695415271633690243,1695415272029585243,396
2688ca82-1730-432c-bf1e-fd9e31f0573c,a56f5042-6a36-47ee-b8c6-ca0e9dab86f4,258,1695415272797661243,1695415273145657243,348
2688ca82-1730-432c-bf1e-fd9e31f0573c,a56f5042-6a36-47ee-b8c6-ca0e9dab86f4,259,1695415274685685243,1695415275057656243,372
2688ca82-1730-432c-bf1e-fd9e31f0573c,a56f5042-6a36-47ee-b8c6-ca0e9dab86f4,260,1695415275841649243,1695415276133837243,292
2688ca82-1730-432c-bf1e-fd9e31f0573c,a56f5042-6a36-47ee-b8c6-ca0e9dab86f4,261,1695415276429649243,1695415276569640243,140
2688ca82-1730-432c-bf1e-fd9e31f0573c,a56f5042-6a36-47ee-b8c6-ca0e9dab86f4,262,1695415279657916243,1695415280105608243,448
2688ca82-1730-432c-bf1e-fd9e31f0573c,a56f5042-6a36-47ee-b8c6-ca0e9dab86f4,263,1695415281345702243,1695415281681649243,336
2688ca82-1730-432c-bf1e-fd9e31f0573c,a56f5042-6a36-47ee-b8c6-ca0e9dab86f4,264,1695415284865700243,1695415285269657243,404
2688ca82-1730-432c-bf1e-fd9e31f0573c,a56f5042-6a36-47ee-b8c6-ca0e9dab86f4,265,1695415286521657243,1695415287001727243,480
2688ca82-1730-432c-bf1e-fd9e31f0573c,a56f5042-6a36-47ee-b8c6-ca0e9dab86f4,266,1695415289361707243,1695415289801643243,440
2688ca82-1730-432c-bf1e-fd9e31f0573c,a56f5042-6a36-47ee-b8c6-ca0e9dab86f4,267,1695415290177676243,1695415290613853243,436
2688ca82-1730-432c-bf1e-fd9e31f0573c,a56f5042-6a36-47ee-b8c6-ca0e9dab86f4,268,1695415292065663243,1695415292489691243,424
2688ca82-1730-432c-bf1e-fd9e31f0573c,a56f5042-6a36-47ee-b8c6-ca0e9dab86f4,269,1695415292541891243,1695415292793686243,252
2688ca82-1730-432c-bf1e-fd9e31f0573c,a56f5042-6a36-47ee-b8c6-ca0e9dab86f4,270,1695415293329598243,1695415293717712243,388
2688ca82-1730-432c-bf1e-fd9e31f0573c,a56f5042-6a36-47ee-b8c6-ca0e9dab86f4,271,1695415295785812243,1695415296149643243,364
2688ca82-1730-432c-bf1e-fd9e31f0573c,a56f5042-6a36-47ee-b8c6-ca0e9dab86f4,272,1695415298873686243,1695415299277643243,404
2688ca82-1730-432c-bf1e-fd9e31f0573c,a56f5042-6a36-47ee-b8c6-ca0e9dab86f4,273,1695415300565671243,1695415300949656243,384
2688ca82-1730-432c-bf1e-fd9e31f0573c,a56f5042-6a36-47ee-b8c6-ca0e9dab86f4,274,1695415301241650243,1695415301593658243,352
2688ca82-1730-432c-bf1e-fd9e31f0573c,a56f5042-6a36-47ee-b8c6-ca0e9dab86f4,275,1695415314765682243,1695415315141708243,376
2688ca82-1730-432c-bf1e-fd9e31f0573c,a56f5042-6a36-47ee-b8c6-ca0e9dab86f4,276,1695415315250002243,1695415315653625243,404
2688ca82-1730-432c-bf1e-fd9e31f0573c,a56f5042-6a36-47ee-b8c6-ca0e9dab86f4,277,1695415316781930243,1695415317013689243,232
2688ca82-1730-432c-bf1e-fd9e31f0573c,a56f5042-6a36-47ee-b8c6-ca0e9dab86f4,278,1695415317193637243,1695415317633641243,440
2688ca82-1730-432c-bf1e-fd9e31f0573c,a56f5042-6a36-47ee-b8c6-ca0e9dab86f4,279,1695415320777627243,1695415321057637243,280
2688ca82-1730-432c-bf1e-fd9e31f0573c,a56f5042-6a36-47ee-b8c6-ca0e9dab86f4,280,1695415321649942243,1695415321953926243,304
2688ca82-1730-432c-bf1e-fd9e31f0573c,a56f5042-6a36-47ee-b8c6-ca0e9dab86f4,281,1695415323405663243,1695415323749636243,344
2688ca82-1730-432c-bf1e-fd9e31f0573c,a56f5042-6a36-47ee-b8c6-ca0e9dab86f4,282,1695415324381795243,1695415324721874243,340
2688ca82-1730-432c-bf1e-fd9e31f0573c,a56f5042-6a36-47ee-b8c6-ca0e9dab86f4,283,1695415326005696243,1695415326429646243,424
2688ca82-1730-432c-bf1e-fd9e31f0573c,a56f5042-6a36-47ee-b8c6-ca0e9dab86f4,284,1695415326533810243,1695415326729642243,196
2688ca82-1730-432c-bf1e-fd9e31f0573c,a56f5042-6a36-47ee-b8c6-ca0e9dab86f4,285,1695415328341621243,1695415328642109243,300
2688ca82-1730-432c-bf1e-fd9e31f0573c,a56f5042-6a36-47ee-b8c6-ca0e9dab86f4,286,1695415330881644243,1695415331185662243,304
2688ca82-1730-432c-bf1e-fd9e31f0573c,a56f5042-6a36-47ee-b8c6-ca0e9dab86f4,287,1695415332365618243,1695415332677639243,312
2688ca82-1730-432c-bf1e-fd9e31f0573c,a56f5042-6a36-47ee-b8c6-ca0e9dab86f4,288,1695415333049640243,1695415333382786243,333
2688ca82-1730-432c-bf1e-fd9e31f0573c,a56f5042-6a36-47ee-b8c6-ca0e9dab86f4,289,1695415333657652243,1695415334053623243,396
2688ca82-1730-432c-bf1e-fd9e31f0573c,a56f5042-6a36-47ee-b8c6-ca0e9dab86f4,290,1695415335585733243,1695415335965645243,380
2688ca82-1730-432c-bf1e-fd9e31f0573c,a56f5042-6a36-47ee-b8c6-ca0e9dab86f4,291,1695415336689750243,1695415336889675243,200
2688ca82-1730-432c-bf1e-fd9e31f0573c,a56f5042-6a36-47ee-b8c6-ca0e9dab86f4,292,1695415338961660243,1695415339385665243,424
2688ca82-1730-432c-bf1e-fd9e31f0573c,a56f5042-6a36-47ee-b8c6-ca0e9dab86f4,293,1695415339853668243,1695415340141795243,288
2688ca82-1730-432c-bf1e-fd9e31f0573c,a56f5042-6a36-47ee-b8c6-ca0e9dab86f4,294,1695415341549609243,1695415341933745243,384
2688ca82-1730-432c-bf1e-fd9e31f0573c,a56f5042-6a36-47ee-b8c6-ca0e9dab86f4,295,1695415345157623243,1695415345457673243,300
2688ca82-1730-432c-bf1e-fd9e31f0573c,a56f5042-6a36-47ee-b8c6-ca0e9dab86f4,296,1695415350737641243,1695415351121652243,384
2688ca82-1730-432c-bf1e-fd9e31f0573c,a56f5042-6a36-47ee-b8c6-ca0e9dab86f4,297,1695415352297700243,1695415352657649243,360
2688ca82-1730-432c-bf1e-fd9e31f0573c,a56f5042-6a36-47ee-b8c6-ca0e9dab86f4,298,1695415353013651243,1695415353249720243,236
2688ca82-1730-432c-bf1e-fd9e31f0573c,a56f5042-6a36-47ee-b8c6-ca0e9dab86f4,299,1695415354143626243,1695415354337708243,194
2688ca82-1730-432c-bf1e-fd9e31f0573c,a56f5042-6a36-47ee-b8c6-ca0e9dab86f4,300,1695415354341688243,1695415354529588243,188
2688ca82-1730-432c-bf1e-fd9e31f0573c,a56f5042-6a36-47ee-b8c6-ca0e9dab86f4,301,1695415354537612243,1695415354769651243,232
2688ca82-1730-432c-bf1e-fd9e31f0573c,a56f5042-6a36-47ee-b8c6-ca0e9dab86f4,302,1695415355809625243,1695415356137819243,328
2688ca82-1730-432c-bf1e-fd9e31f0573c,a56f5042-6a36-47ee-b8c6-ca0e9dab86f4,303,1695415356141628243,1695415356377694243,236
2688ca82-1730-432c-bf1e-fd9e31f0573c,a56f5042-6a36-47ee-b8c6-ca0e9dab86f4,304,1695415358245686243,1695415358461653243,216
2688ca82-1730-432c-bf1e-fd9e31f0573c,a56f5042-6a36-47ee-b8c6-ca0e9dab86f4,305,1695415359593701243,1695415359937613243,344
2688ca82-1730-432c-bf1e-fd9e31f0573c,a56f5042-6a36-47ee-b8c6-ca0e9dab86f4,306,1695415361793681243,1695415362285597243,492
2688ca82-1730-432c-bf1e-fd9e31f0573c,a56f5042-6a36-47ee-b8c6-ca0e9dab86f4,307,1695415372509636243,1695415372762051243,252
2688ca82-1730-432c-bf1e-fd9e31f0573c,a56f5042-6a36-47ee-b8c6-ca0e9dab86f4,308,1695415575801756243,1695415576105648243,304
2688ca82-1730-432c-bf1e-fd9e31f0573c,a56f5042-6a36-47ee-b8c6-ca0e9dab86f4,309,1695415596142737243,1695415596402708243,260
2688ca82-1730-432c-bf1e-fd9e31f0573c,a56f5042-6a36-47ee-b8c6-ca0e9dab86f4,310,1695415599234995243,1695415599394979243,160
2688ca82-1730-432c-bf1e-fd9e31f0573c,a56f5042-6a36-47ee-b8c6-ca0e9dab86f4,311,1695415621478937243,1695415621598982243,120
2688ca82-1730-432c-bf1e-fd9e31f0573c,a56f5042-6a36-47ee-b8c6-ca0e9dab86f4,312,1695415621694944243,1695415621871000243,176
2688ca82-1730-432c-bf1e-fd9e31f0573c,a56f5042-6a36-47ee-b8c6-ca0e9dab86f4,313,1695415626150972243,1695415626330950243,180
2688ca82-1730-432c-bf1e-fd9e31f0573c,a56f5042-6a36-47ee-b8c6-ca0e9dab86f4,314,1695415626546979243,1695415626766963243,220
2688ca82-1730-432c-bf1e-fd9e31f0573c,a56f5042-6a36-47ee-b8c6-ca0e9dab86f4,315,1695415629411070243,1695415629710993243,300
2688ca82-1730-432c-bf1e-fd9e31f0573c,a56f5042-6a36-47ee-b8c6-ca0e9dab86f4,316,1695415629810983243,1695415630139204243,328
2688ca82-1730-432c-bf1e-fd9e31f0573c,a56f5042-6a36-47ee-b8c6-ca0e9dab86f4,317,1695415630446966243,1695415630811005243,364
2688ca82-1730-432c-bf1e-fd9e31f0573c,a56f5042-6a36-47ee-b8c6-ca0e9dab86f4,318,1695415630922957243,1695415631498977243,576
2688ca82-1730-432c-bf1e-fd9e31f0573c,a56f5042-6a36-47ee-b8c6-ca0e9dab86f4,319,1695415631938977243,1695415632126984243,188
2688ca82-1730-432c-bf1e-fd9e31f0573c,a56f5042-6a36-47ee-b8c6-ca0e9dab86f4,320,1695415633234945243,1695415633618959243,384
2688ca82-1730-432c-bf1e-fd9e31f0573c,a56f5042-6a36-47ee-b8c6-ca0e9dab86f4,321,1695415633911004243,1695415634131130243,220
2688ca82-1730-432c-bf1e-fd9e31f0573c,a56f5042-6a36-47ee-b8c6-ca0e9dab86f4,322,1695415634134976243,1695415634570954243,436
2688ca82-1730-432c-bf1e-fd9e31f0573c,a56f5042-6a36-47ee-b8c6-ca0e9dab86f4,323,1695415636262964243,1695415636551011243,288
2688ca82-1730-432c-bf1e-fd9e31f0573c,a56f5042-6a36-47ee-b8c6-ca0e9dab86f4,324,1695415650626991243,1695415650898972243,272